{"accuracy": 0.9437689969604863, "classification_report": {"Account Issue": {"precision": 0.9090909090909091, "recall": 0.9259259259259259, "f1-score": 0.9174311926605505, "support": 54.0}, "Billing Issue": {"precision": 0.9693877551020408, "recall": 0.979381443298969, "f1-score": 0.9743589743589743, "support": 97.0}, "Customer Support Experience": {"precision": 1.0, "recall": 0.9433962264150944, "f1-score": 0.970873786407767, "support": 53.0}, "Feedback": {"precision": 0.9361702127659575, "recall": 0.9777777777777777, "f1-score": 0.9565217391304348, "support": 90.0}, "Privacy & Security": {"precision": 0.9607843137254902, "recall": 0.9074074074074074, "f1-score": 0.9333333333333333, "support": 54.0}, "Product Quality": {"precision": 0.9833333333333333, "recall": 0.9076923076923077, "f1-score": 0.944, "support": 65.0}, "Service Delay": {"precision": 0.9253731343283582, "recall": 0.9117647058823529, "f1-score": 0.9185185185185185, "support": 68.0}, "Shipping & Delivery": {"precision": 0.9807692307692307, "recall": 0.9807692307692307, "f1-score": 0.9807692307692307, "support": 52.0}, "Technical Issue": {"precision": 0.8352941176470589, "recall": 0.9342105263157895, "f1-score": 0.8819875776397516, "support": 76.0}, "Website/App Usability": {"precision": 1.0, "recall": 0.9387755102040817, "f1-score": 0.968421052631579, "support": 49.0}, "accuracy": 0.9437689969604863, "macro avg": {"precision": 0.9500203006762378, "recall": 0.9407101061688937, "f1-score": 0.944621540545014, "support": 658.0}, "weighted avg": {"precision": 0.9461756628694395, "recall": 0.9437689969604863, "f1-score": 0.9442254085967611, "support": 658.0}}, "confusion_matrix": [[50, 1, 0, 0, 0, 1, 0, 0, 2, 0], [1, 95, 0, 0, 0, 0, 1, 0, 0, 0], [0, 0, 50, 2, 0, 0, 0, 0, 1, 0], [0, 0, 0, 88, 0, 0, 0, 0, 2, 0], [2, 0, 0, 1, 49, 0, 0, 0, 2, 0], [0, 0, 0, 1, 0, 59, 1, 1, 3, 0], [1, 1, 0, 1, 0, 0, 62, 0, 3, 0], [0, 0, 0, 0, 1, 0, 0, 51, 0, 0], [0, 0, 0, 1, 1, 0, 3, 0, 71, 0], [1, 1, 0, 0, 0, 0, 0, 0, 1, 46]]}